Annex Table 1 Basic indicators for all Member States,,,,,,,,,,,,,,right hand page,,,,,,,,,,,,,,,,,,,,,,,,,,,,,,,,,,,,,,,,,,,,,,,,,,,,,,,
These figures were produced by WHO using comparable methods across countries and the best evidence available to it.  They are not necessarily the official statistics of Member States.  ,,,,,,,,,,,,,,,,,,,,,,,,,,,,,,,,,,,,,,,,,,,,,,,,,,,,,,,,,,,,,,,,,,,,,
,,POPULATION ESTIMATES,,,,,,,,,,,LIFE EXPECTANCY AT BIRTH (YEARS),,,LIFE EXPECTANCY AT BIRTH (years),,,,,,,,,PROBABILITY OF DYING (per 1000),,,,,,,,,,,,,,,,,,,,,,,,,,,,,,,,,,,,,,,,,,,,
,,,,,,,,,,,,,AT BIRTH (YEARS),,,,,,,,,,,,Under age 5 years,,,,,,,,,Between ages 15 and 59 years,,,,,,,,,,,,,,,,,,,,,,,,,,,,,,,,,,,
Member State,,Total population (000),"Annual Growth Rate (%) 1992-2002
 growth
 rate
  (%)","Dependency ratio
(per 100)",,,"Percentage of population aged 60+
years",,,"Total Fertility Rate
fertility
rate",,,Both sexes,,,Males,,,,Females,,,,,Males,,,,Females,,,,,Males,,,,,Females,,,,,,,,,,,,,,,,,,,,,,,,,,,,,,
,,2002,1992-2002,1992,2002,,1992,2002,,1992,2002,,2002,,,2002,Uncertainty interval,,,2002,Uncertainty interval,,,,2002,Uncertainty interval,,,2002,Uncertainty interval,,,,2002,Uncertainty interval,,,,2002,Uncertainty interval,,,,,,,,,,,,,,,,,,,,,,,,,,,,,
,,,,,,,,,,,,,,,,,,,,,,,,,,,,,,,,,,,,,,,,,,,,,,,,,,,,,,,,,,,,,,,,,,,,,
1,Afghanistan, 22 930,3.8,88,86,,4.7,4.7,,7.0,6.8,,42.6,1,,41.9,32.0,-,49.5,43.4,31.3,-,53.2,,258,208,-,310,256,205,-,306,,494,335,-,731,,413,192,-,705,,,,,,,,,,,,,,,,,,,,,,,,,,,
2,Albania, 3 141,-0.4,60,53,,7.9,9.5,,2.9,2.3,,70.4,2,,67.3,65.9,-,68.7,74.1,73.0,-,75.0,,27,13,-,41,23,11,-,34,,167,137,-,199,,94,79,-,111,,,,,,,,,,,,,,,,,,,,,,,,,,,
3,Algeria, 31 266,1.8,82,60,,5.7,6.1,,4.2,2.8,,69.4,3,,67.5,66.2,-,69.1,71.2,69.8,-,72.5,,54,43,-,64,43,35,-,52,,170,152,-,187,,128,112,-,146,,,,,,,,,,,,,,,,,,,,,,,,,,,
4,Andorra,  69,1.8,48,46,,20.0,21.6,,1.4,1.3,,80.3,4,,76.8,76.0,-,77.8,83.7,83.0,-,84.3,,5,5,-,6,4,4,-,5,,113,101,-,125,,43,39,-,48,,,,,,,,,,,,,,,,,,,,,,,,,,,
5,Angola, 13 184,2.9,97,101,,4.6,4.4,,7.2,7.2,,39.9,5,,37.9,29.5,-,44.1,42.0,32.8,-,50.6,,279,248,-,312,247,219,-,275,,594,425,-,824,,481,255,-,726,,,,,,,,,,,,,,,,,,,,,,,,,,,
6,Antigua and Barbuda,  73,1.2,63,56,,9.2,10.5,,1.8,1.6,,71.4,6,,69.0,67.5,-,70.5,73.9,72.3,-,75.4,,22,11,-,33,18,9,-,28,,195,173,-,216,,125,111,-,141,,,,,,,,,,,,,,,,,,,,,,,,,,,
7,Argentina, 37 981,1.3,64,59,,13.0,13.5,,2.8,2.5,,74.4,7,,70.8,70.4,-,71.2,78.1,77.9,-,78.3,,20,18,-,21,16,15,-,17,,177,170,-,184,,90,88,-,93,,,,,,,,,,,,,,,,,,,,,,,,,,,
8,Armenia, 3 072,-1.3,57,44,,10.5,13.1,,2.2,1.2,,70.0,8,,67.0,66.2,-,67.9,73.0,72.1,-,73.8,,39,22,-,56,35,19,-,46,,204,184,-,225,,98,85,-,115,,,,,,,,,,,,,,,,,,,,,,,,,,,
9,Australia, 19 544,1.2,50,48,,15.6,16.7,,1.9,1.7,,80.4,9,,77.9,77.6,-,78.1,83.0,82.7,-,83.2,,6,6,-,7,5,5,-,6,,91,89,-,94,,52,50,-,54,,,,,,,,,,,,,,,,,,,,,,,,,,,
10,Austria, 8 111,0.3,48,47,,19.9,21.3,,1.5,1.3,,79.4,10,,76.4,76.1,-,76.7,82.2,81.8,-,82.4,,6,5,-,7,4,4,-,5,,117,113,-,121,,59,56,-,63,,,,,,,,,,,,,,,,,,,,,,,,,,,
11,Azerbaijan, 8 297,1.1,63,57,,7.6,9.2,,2.8,2.1,,65.8,11,,63.0,61.7,-,64.2,68.6,67.5,-,69.8,,80,64,-,98,70,56,-,83,,231,199,-,261,,122,103,-,144,,,,,,,,,,,,,,,,,,,,,,,,,,,
12,Bahamas,  310,1.5,58,53,,6.8,8.5,,2.6,2.3,,72.1,12,,69.0,67.9,-,70.0,75.2,74.3,-,76.2,,13,10,-,17,11,8,-,15,,248,225,-,275,,153,142,-,163,,,,,,,,,,,,,,,,,,,,,,,,,,,
13,Bahrain,  709,3.0,51,47,,3.7,4.0,,3.5,2.7,,73.2,13,,72.1,70.7,-,73.6,74.5,73.2,-,75.8,,13,8,-,22,10,6,-,15,,113,96,-,130,,82,68,-,98,,,,,,,,,,,,,,,,,,,,,,,,,,,
14,Bangladesh, 143 809,2.3,81,71,,4.8,5.1,,4.4,3.5,,62.6,14,,62.6,61.3,-,63.9,62.6,61.4,-,63.7,,71,68,-,75,73,70,-,77,,251,223,-,282,,258,232,-,284,,,,,,,,,,,,,,,,,,,,,,,,,,,
15,Barbados,  269,0.4,55,43,,15.0,13.1,,1.6,1.5,,74.3,15,,70.5,69.6,-,71.4,77.9,76.8,-,79.0,,17,13,-,22,15,9,-,23,,189,171,-,206,,103,91,-,115,,,,,,,,,,,,,,,,,,,,,,,,,,,
16,Belarus, 9 940,-0.4,52,46,,17.4,19.3,,1.7,1.2,,68.3,16,,62.6,62.0,-,63.2,74.3,73.7,-,74.9,,14,11,-,16,10,8,-,13,,371,347,-,397,,134,120,-,148,,,,,,,,,,,,,,,,,,,,,,,,,,,
17,Belgium, 10 296,0.3,50,53,,20.9,22.2,,1.6,1.7,,78.4,17,,75.2,74.9,-,75.5,81.5,81.3,-,81.8,,6,5,-,7,5,4,-,6,,126,122,-,130,,67,64,-,69,,,,,,,,,,,,,,,,,,,,,,,,,,,
18,Belize,  251,2.5,91,73,,6.0,5.9,,4.4,3.2,,69.7,18,,67.4,66.0,-,68.7,72.4,71.4,-,73.4,,44,33,-,56,34,25,-,42,,189,172,-,211,,123,117,-,129,,,,,,,,,,,,,,,,,,,,,,,,,,,
19,Benin, 6 558,2.8,105,93,,4.6,4.1,,6.5,5.7,,51.2,19,,50.1,42.9,-,56.5,52.4,43.0,-,60.1,,166,163,-,170,158,155,-,161,,424,253,-,634,,360,176,-,611,,,,,,,,,,,,,,,,,,,,,,,,,,,
20,Bhutan, 2 190,2.3,88,86,,6.1,6.5,,5.8,5.1,,61.3,20,,60.2,52.3,-,67.6,62.4,53.5,-,69.0,,93,74,-,111,92,73,-,111,,272,111,-,474,,226,102,-,428,,,,,,,,,,,,,,,,,,,,,,,,,,,
21,Bolivia, 8 645,2.2,81,77,,6.1,6.6,,4.8,3.9,,63.2,21,,61.8,54.6,-,69.3,64.7,56.2,-,70.9,,78,74,-,82,73,70,-,77,,260,101,-,445,,209,91,-,402,,,,,,,,,,,,,,,,,,,,,,,,,,,
22,Bosnia and Herzegovina, 4 126,0.4,43,40,,11.1,15.3,,1.6,1.3,,72.8,22,,69.3,67.9,-,71.0,76.4,75.2,-,77.6,,20,15,-,25,15,11,-,19,,192,162,-,220,,90,76,-,105,,,,,,,,,,,,,,,,,,,,,,,,,,,
23,Botswana, 1 770,2.1,89,74,,3.7,4.4,,4.5,3.7,,40.4,23,,40.2,37.3,-,43.3,40.6,37.7,-,44.1,,104,89,-,121,102,86,-,118,,786,718,-,842,,745,676,-,801,,,,,,,,,,,,,,,,,,,,,,,,,,,
24,Brazil, 176 257,1.4,63,51,,6.8,8.1,,2.6,2.2,,68.9,24,,65.7,65.2,-,66.2,72.3,71.8,-,72.7,,42,36,-,49,34,29,-,40,,246,235,-,257,,136,128,-,145,,,,,,,,,,,,,,,,,,,,,,,,,,,
25,Brunei Darussalam,  350,2.6,57,51,,4.1,4.5,,3.1,2.5,,76.1,25,,74.8,73.5,-,76.3,77.4,76.6,-,78.2,,14,12,-,16,12,11,-,14,,112,94,-,128,,85,73,-,98,,,,,,,,,,,,,,,,,,,,,,,,,,,
26,Bulgaria, 7 965,-0.8,50,45,,19.9,21.7,,1.5,1.1,,71.9,26,,68.7,68.1,-,69.3,75.3,74.7,-,75.9,,18,16,-,21,16,13,-,18,,219,205,-,234,,97,88,-,106,,,,,,,,,,,,,,,,,,,,,,,,,,,
27,Burkina Faso, 12 624,2.9,108,106,,4.5,4.0,,7.1,6.7,,41.7,27,,40.6,34.3,-,46.6,42.6,34.7,-,49.8,,232,211,-,251,217,197,-,235,,597,417,-,793,,522,334,-,736,,,,,,,,,,,,,,,,,,,,,,,,,,,
28,Burundi, 6 602,1.3,97,99,,4.6,4.4,,6.8,6.8,,40.8,28,,38.7,33.0,-,44.5,43.0,36.0,-,50.2,,189,152,-,224,177,142,-,216,,692,541,-,834,,563,393,-,750,,,,,,,,,,,,,,,,,,,,,,,,,,,
29,Cambodia, 13 810,2.8,98,81,,4.4,4.6,,5.5,4.8,,54.6,29,,51.9,44.8,-,57.4,57.1,49.1,-,63.4,,149,138,-,159,124,115,-,132,,400,261,-,604,,298,165,-,487,,,,,,,,,,,,,,,,,,,,,,,,,,,
30,Cameroon, 15 729,2.4,94,86,,5.5,5.6,,5.7,4.7,,48.1,30,,47.2,41.1,-,53.9,49.0,41.4,-,56.7,,162,151,-,174,158,147,-,169,,519,344,-,697,,454,273,-,658,,,,,,,,,,,,,,,,,,,,,,,,,,,
31,Canada, 31 271,1.0,47,45,,15.8,17.1,,1.7,1.5,,79.8,31,,77.2,77.0,-,77.4,82.3,82.1,-,82.4,,6,6,-,6,5,5,-,5,,95,93,-,97,,58,57,-,60,,,,,,,,,,,,,,,,,,,,,,,,,,,
32,Cape Verde,  454,2.2,103,80,,6.6,6.3,,4.8,3.4,,70.1,32,,66.6,62.4,-,71.0,72.9,69.6,-,75.8,,42,33,-,50,30,24,-,36,,210,125,-,312,,120,76,-,178,,,,,,,,,,,,,,,,,,,,,,,,,,,
33,Central African Republic, 3 819,2.1,89,89,,6.1,6.1,,5.6,5.0,,42.9,33,,42.1,36.2,-,48.4,43.7,36.7,-,50.2,,187,156,-,219,173,142,-,201,,620,474,-,780,,566,418,-,740,,,,,,,,,,,,,,,,,,,,,,,,,,,
34,Chad, 8 348,3.1,96,99,,5.2,4.9,,6.7,6.7,,47.7,34,,46.1,38.3,-,53.1,49.3,40.9,-,57.6,,202,168,-,235,180,149,-,210,,477,305,-,684,,402,203,-,618,,,,,,,,,,,,,,,,,,,,,,,,,,,
35,Chile, 15 613,1.4,57,54,,9.2,10.7,,2.5,2.4,,76.7,35,,73.4,72.7,-,74.0,80.0,79.7,-,80.3,,16,14,-,18,13,12,-,14,,134,124,-,144,,67,64,-,70,,,,,,,,,,,,,,,,,,,,,,,,,,,
36,China,1 302 307,0.9,49,44,,8.6,10.0,,2.0,1.8,,71.1,36,,69.6,69.0,-,70.3,72.7,72.0,-,73.5,,31,29,-,33,41,38,-,44,,165,154,-,175,,104,93,-,112,,,,,,,,,,,,,,,,,,,,,,,,,,,
37,Colombia, 43 526,1.8,66,59,,6.4,7.1,,3.0,2.6,,71.8,37,,67.5,66.8,-,68.2,76.3,75.4,-,77.1,,27,24,-,29,19,17,-,21,,236,220,-,251,,99,87,-,113,,,,,,,,,,,,,,,,,,,,,,,,,,,
38,Comoros,  747,3.0,95,82,,4.0,4.2,,5.9,4.9,,63.3,38,,61.6,53.7,-,68.9,64.9,56.4,-,71.3,,80,64,-,96,72,57,-,86,,260,100,-,464,,207,91,-,405,,,,,,,,,,,,,,,,,,,,,,,,,,,
39,Congo, 3 633,3.2,96,99,,4.8,4.6,,6.3,6.3,,53.1,39,,51.6,44.6,-,58.9,54.5,46.7,-,61.6,,109,82,-,135,101,75,-,125,,474,309,-,651,,410,263,-,611,,,,,,,,,,,,,,,,,,,,,,,,,,,
40,Cook Islands,  18,-0.2,71,65,,6.2,7.2,,4.0,3.2,,71.6,40,,69.2,68.2,-,70.3,74.2,73.4,-,75.0,,21,10,-,31,19,10,-,27,,173,150,-,193,,109,98,-,123,,,,,,,,,,,,,,,,,,,,,,,,,,,
41,Costa Rica, 4 094,2.4,68,56,,7.1,7.9,,3.0,2.3,,77.1,41,,74.8,74.5,-,75.0,79.5,79.3,-,79.8,,12,11,-,13,10,9,-,11,,127,122,-,131,,74,70,-,78,,,,,,,,,,,,,,,,,,,,,,,,,,,
42,Côte d'Ivoire, 16 365,2.1,94,82,,4.4,5.2,,6.1,4.8,,45.3,42,,43.1,36.4,-,50.1,48.0,40.8,-,54.7,,192,154,-,232,143,114,-,169,,577,400,-,757,,502,353,-,694,,,,,,,,,,,,,,,,,,,,,,,,,,,
43,Croatia, 4 439,-0.6,46,49,,18.3,21.7,,1.6,1.6,,74.8,43,,71.0,70.6,-,71.4,78.6,78.1,-,79.0,,8,7,-,10,7,7,-,8,,178,169,-,187,,72,67,-,77,,,,,,,,,,,,,,,,,,,,,,,,,,,
44,Cuba, 11 271,0.4,45,44,,11.9,14.5,,1.6,1.6,,77.1,44,,75.0,74.6,-,75.4,79.3,79.1,-,79.5,,8,7,-,10,7,6,-,7,,138,132,-,145,,89,86,-,91,,,,,,,,,,,,,,,,,,,,,,,,,,,
45,Cyprus,  796,1.2,58,51,,14.8,16.1,,2.3,1.9,,77.3,45,,75.5,74.8,-,76.2,79.1,77.2,-,80.9,,7,6,-,9,7,6,-,9,,102,93,-,111,,48,38,-,63,,,,,,,,,,,,,,,,,,,,,,,,,,,
46,Czech Republic, 10 246,-0.1,50,42,,17.8,18.8,,1.7,1.2,,75.8,46,,72.4,72.1,-,72.8,79.0,78.7,-,79.3,,5,4,-,6,4,4,-,5,,163,157,-,170,,72,69,-,76,,,,,,,,,,,,,,,,,,,,,,,,,,,
47,Democratic People's Republic of Korea, 22 541,0.9,47,48,,8.0,10.6,,2.3,2.0,,65.8,47,,64.4,56.5,-,72.3,67.1,57.9,-,75.2,,56,29,-,83,54,30,-,80,,236,83,-,416,,191,70,-,386,,,,,,,,,,,,,,,,,,,,,,,,,,,
48,Democratic Republic of the Congo, 51 201,2.4,100,98,,4.4,4.2,,6.7,6.7,,43.5,48,,41.0,34.7,-,47.1,46.1,38.0,-,52.8,,221,190,-,252,198,169,-,225,,585,432,-,749,,449,298,-,655,,,,,,,,,,,,,,,,,,,,,,,,,,,
49,Denmark, 5 351,0.3,48,50,,20.2,20.4,,1.7,1.8,,77.2,49,,74.8,74.6,-,75.0,79.5,79.4,-,79.7,,6,5,-,7,5,4,-,6,,123,120,-,127,,76,73,-,78,,,,,,,,,,,,,,,,,,,,,,,,,,,
50,Djibouti,  693,2.3,85,86,,4.6,5.1,,6.3,5.7,,49.6,50,,48.6,42.4,-,56.1,50.7,43.0,-,58.2,,156,132,-,179,144,121,-,166,,481,290,-,657,,431,259,-,639,,,,,,,,,,,,,,,,,,,,,,,,,,,
51,Dominica,  78,0.7,63,56,,9.2,10.5,,2.0,1.8,,73.3,51,,71.0,69.7,-,72.2,75.8,74.2,-,77.2,,13,11,-,15,14,10,-,18,,206,182,-,235,,120,94,-,155,,,,,,,,,,,,,,,,,,,,,,,,,,,
52,Dominican Republic, 8 616,1.7,70,59,,5.6,6.9,,3.2,2.7,,68.0,52,,64.9,63.9,-,65.9,71.5,70.5,-,72.4,,37,32,-,41,30,26,-,35,,256,231,-,279,,150,132,-,171,,,,,,,,,,,,,,,,,,,,,,,,,,,
53,Ecuador, 12 810,1.8,73,62,,6.3,7.3,,3.6,2.8,,70.6,53,,67.9,67.3,-,68.5,73.5,72.9,-,74.2,,34,28,-,39,30,25,-,34,,216,204,-,229,,132,120,-,143,,,,,,,,,,,,,,,,,,,,,,,,,,,
54,Egypt, 70 507,1.9,80,66,,6.3,6.9,,4.1,3.3,,67.1,54,,65.3,65.0,-,65.6,69.0,68.7,-,69.3,,38,34,-,42,39,35,-,43,,240,231,-,248,,157,151,-,164,,,,,,,,,,,,,,,,,,,,,,,,,,,
55,El Salvador, 6 415,1.9,78,68,,6.6,7.5,,3.6,2.9,,69.7,55,,66.5,65.4,-,67.8,72.8,72.1,-,73.5,,36,31,-,42,34,28,-,39,,257,227,-,289,,142,129,-,155,,,,,,,,,,,,,,,,,,,,,,,,,,,
56,Equatorial Guinea,  481,2.6,87,91,,6.4,5.9,,5.9,5.9,,53.4,56,,51.9,44.4,-,58.8,54.8,46.0,-,61.7,,157,132,-,181,144,125,-,166,,383,217,-,596,,318,152,-,548,,,,,,,,,,,,,,,,,,,,,,,,,,,
57,Eritrea, 3 991,2.4,93,91,,3.6,3.6,,6.2,5.5,,57.6,57,,55.8,47.2,-,65.8,59.3,51.0,-,66.8,,117,107,-,127,102,93,-,111,,350,176,-,496,,286,137,-,484,,,,,,,,,,,,,,,,,,,,,,,,,,,
58,Estonia, 1 338,-1.4,51,48,,17.8,21.5,,1.7,1.2,,71.1,58,,65.1,64.8,-,65.5,77.1,76.8,-,77.4,,10,7,-,12,6,4,-,7,,322,313,-,331,,112,105,-,118,,,,,,,,,,,,,,,,,,,,,,,,,,,
59,Ethiopia, 68 961,2.8,94,94,,4.4,4.6,,6.8,6.2,,48.0,59,,46.8,39.3,-,54.0,49.4,41.3,-,57.2,,185,148,-,220,168,138,-,196,,487,316,-,693,,422,244,-,628,,,,,,,,,,,,,,,,,,,,,,,,,,,
60,Fiji,  831,1.2,67,57,,5.0,6.0,,3.4,2.9,,67.3,60,,64.6,63.7,-,65.7,70.3,69.3,-,71.4,,30,27,-,33,27,24,-,29,,281,260,-,301,,176,159,-,193,,,,,,,,,,,,,,,,,,,,,,,,,,,
61,Finland, 5 197,0.3,49,49,,18.7,20.3,,1.8,1.7,,78.2,61,,74.8,74.5,-,75.0,81.5,81.2,-,81.8,,4,4,-,5,3,3,-,3,,135,131,-,140,,60,56,-,64,,,,,,,,,,,,,,,,,,,,,,,,,,,
62,France, 59 850,0.4,52,53,,19.5,20.5,,1.7,1.9,,79.7,62,,75.9,75.5,-,76.2,83.5,83.2,-,83.7,,5,5,-,6,4,4,-,5,,133,128,-,138,,60,58,-,62,,,,,,,,,,,,,,,,,,,,,,,,,,,
63,Gabon, 1 306,2.6,92,83,,7.4,6.2,,5.2,4.0,,59.2,63,,57.3,49.9,-,64.6,61.4,52.9,-,68.9,,100,91,-,108,79,72,-,86,,342,171,-,557,,281,133,-,499,,,,,,,,,,,,,,,,,,,,,,,,,,,
64,Gambia, 1 388,3.3,84,80,,5.1,5.8,,5.7,4.8,,57.1,64,,55.4,47.5,-,62.3,58.9,50.2,-,66.7,,132,112,-,152,117,99,-,135,,330,159,-,552,,265,110,-,467,,,,,,,,,,,,,,,,,,,,,,,,,,,
65,Georgia, 5 177,-0.5,52,49,,15.6,18.9,,1.9,1.4,,71.7,65,,68.4,67.2,-,69.6,75.0,73.1,-,76.7,,26,23,-,28,20,18,-,22,,207,181,-,237,,86,67,-,109,,,,,,,,,,,,,,,,,,,,,,,,,,,
66,Germany, 82 414,0.2,46,48,,20.5,24.0,,1.3,1.3,,78.7,66,,75.6,75.2,-,75.9,81.6,81.4,-,81.7,,5,5,-,6,4,4,-,4,,118,114,-,123,,60,59,-,62,,,,,,,,,,,,,,,,,,,,,,,,,,,
67,Ghana, 20 471,2.4,92,77,,4.6,5.2,,5.4,4.2,,57.6,67,,56.3,49.0,-,64.4,58.8,50.1,-,66.0,,106,92,-,123,99,87,-,112,,354,171,-,557,,303,153,-,529,,,,,,,,,,,,,,,,,,,,,,,,,,,
68,Greece, 10 970,0.7,48,49,,20.7,23.8,,1.4,1.3,,78.4,68,,75.8,75.6,-,76.0,81.1,80.7,-,81.5,,7,6,-,7,5,4,-,6,,118,115,-,120,,48,45,-,51,,,,,,,,,,,,,,,,,,,,,,,,,,,
69,Grenada,  80,-0.5,63,56,,9.2,10.5,,4.0,3.5,,67.4,69,,65.9,64.8,-,67.1,68.8,67.8,-,70.0,,25,18,-,30,21,15,-,27,,261,238,-,283,,222,204,-,239,,,,,,,,,,,,,,,,,,,,,,,,,,,
70,Guatemala, 12 036,2.7,96,87,,5.2,5.3,,5.4,4.5,,65.9,70,,63.1,61.9,-,64.3,69.0,67.7,-,70.1,,57,52,-,63,50,45,-,55,,283,247,-,324,,162,131,-,199,,,,,,,,,,,,,,,,,,,,,,,,,,,
71,Guinea, 8 359,2.4,93,88,,4.4,4.5,,6.4,5.9,,52.3,71,,50.9,44.0,-,57.5,53.7,45.0,-,61.0,,163,148,-,179,153,138,-,168,,401,232,-,596,,332,159,-,559,,,,,,,,,,,,,,,,,,,,,,,,,,,
72,Guinea-Bissau, 1 449,3.0,95,101,,5.4,4.9,,7.1,7.1,,47.2,72,,45.7,37.9,-,51.6,48.7,39.8,-,56.8,,215,194,-,237,198,179,-,217,,462,311,-,681,,383,186,-,615,,,,,,,,,,,,,,,,,,,,,,,,,,,
73,Guyana,  764,0.4,67,54,,6.8,7.0,,2.6,2.3,,64.3,73,,61.5,58.9,-,64.5,66.9,63.8,-,70.0,,61,30,-,90,50,26,-,76,,299,268,-,328,,202,170,-,233,,,,,,,,,,,,,,,,,,,,,,,,,,,
74,Haiti, 8 218,1.4,91,76,,5.7,5.9,,4.9,4.0,,50.1,74,,49.1,42.8,-,55.5,51.1,43.6,-,57.3,,138,119,-,157,128,111,-,145,,493,345,-,660,,438,309,-,615,,,,,,,,,,,,,,,,,,,,,,,,,,,
75,Honduras, 6 781,2.8,91,80,,4.6,5.4,,5.0,3.8,,67.2,75,,64.2,60.3,-,67.8,70.4,67.2,-,73.2,,44,42,-,46,42,40,-,44,,269,195,-,362,,150,102,-,214,,,,,,,,,,,,,,,,,,,,,,,,,,,
76,Hungary, 9 923,-0.4,49,45,,19.2,20.0,,1.7,1.2,,72.6,76,,68.4,67.9,-,68.9,76.8,76.3,-,77.2,,10,9,-,11,8,7,-,9,,256,241,-,272,,112,104,-,119,,,,,,,,,,,,,,,,,,,,,,,,,,,
77,Iceland,  287,1.0,55,53,,14.8,15.3,,2.2,2.0,,80.1,77,,78.4,77.8,-,79.0,81.8,81.4,-,82.2,,4,4,-,5,3,3,-,3,,85,79,-,92,,55,51,-,60,,,,,,,,,,,,,,,,,,,,,,,,,,,
78,India,1 049 549,1.8,68,62,,6.9,7.7,,3.8,3.1,,61.0,78,,60.1,59.4,-,60.8,62.0,61.1,-,62.8,,87,81,-,92,95,86,-,106,,291,268,-,314,,220,197,-,243,,,,,,,,,,,,,,,,,,,,,,,,,,,
79,Indonesia, 217 131,1.4,64,54,,6.4,7.9,,3.1,2.4,,66.4,79,,64.9,64.1,-,65.8,67.9,67.1,-,68.8,,45,40,-,50,36,33,-,40,,244,226,-,261,,208,194,-,224,,,,,,,,,,,,,,,,,,,,,,,,,,,
80,"Iran, Islamic Republic of ", 68 070,1.4,93,59,,5.9,6.4,,4.5,2.4,,68.9,80,,66.5,65.4,-,67.8,71.7,70.5,-,72.8,,42,33,-,50,36,29,-,43,,213,194,-,230,,132,121,-,145,,,,,,,,,,,,,,,,,,,,,,,,,,,
81,Iraq, 24 510,2.9,88,79,,4.4,4.6,,5.7,4.8,,61.0,81,,59.1,57.1,-,60.9,63.1,61.3,-,64.9,,119,101,-,139,110,94,-,127,,252,228,-,278,,176,155,-,197,,,,,,,,,,,,,,,,,,,,,,,,,,,
82,Ireland, 3 911,1.0,60,47,,15.3,15.3,,2.0,1.9,,77.1,82,,74.4,73.8,-,75.0,79.8,79.3,-,80.1,,8,7,-,9,6,5,-,7,,113,105,-,121,,66,62,-,71,,,,,,,,,,,,,,,,,,,,,,,,,,,
83,Israel, 6 304,2.7,66,61,,12.6,13.1,,2.9,2.7,,79.4,83,,77.3,77.1,-,77.5,81.4,81.2,-,81.5,,7,6,-,8,6,6,-,7,,98,95,-,101,,53,50,-,56,,,,,,,,,,,,,,,,,,,,,,,,,,,
84,Italy, 57 482,0.1,45,49,,21.7,24.5,,1.3,1.2,,79.7,84,,76.8,76.4,-,77.1,82.5,82.2,-,82.8,,5,5,-,6,5,4,-,5,,96,92,-,100,,49,46,-,51,,,,,,,,,,,,,,,,,,,,,,,,,,,
85,Jamaica, 2 627,0.9,73,61,,9.9,9.6,,2.8,2.4,,72.8,85,,71.1,69.9,-,72.5,74.6,73.6,-,75.6,,16,13,-,19,14,11,-,17,,162,137,-,184,,121,107,-,134,,,,,,,,,,,,,,,,,,,,,,,,,,,
86,Japan, 127 478,0.2,43,48,,18.6,24.4,,1.5,1.3,,81.9,86,,78.4,78.4,-,78.4,85.3,85.2,-,85.3,,4,4,-,4,4,4,-,4,,95,95,-,96,,46,45,-,46,,,,,,,,,,,,,,,,,,,,,,,,,,,
87,Jordan, 5 329,3.9,91,69,,4.4,4.8,,5.0,3.6,,70.8,87,,68.6,67.7,-,69.8,73.3,72.6,-,74.0,,28,23,-,32,26,22,-,30,,191,171,-,210,,121,113,-,130,,,,,,,,,,,,,,,,,,,,,,,,,,,
88,Kazakhstan, 15 469,-0.9,59,51,,9.4,11.5,,2.5,2.0,,63.6,88,,58.7,58.0,-,59.4,68.9,68.1,-,69.7,,38,29,-,48,28,21,-,36,,426,385,-,462,,195,177,-,213,,,,,,,,,,,,,,,,,,,,,,,,,,,
89,Kenya, 31 540,2.3,104,82,,4.1,4.2,,5.5,4.1,,50.9,89,,49.8,43.8,-,57.4,51.9,44.8,-,59.3,,119,108,-,129,113,104,-,122,,509,328,-,684,,448,285,-,642,,,,,,,,,,,,,,,,,,,,,,,,,,,
90,Kiribati,  87,1.5,70,68,,6.2,7.0,,4.7,4.1,,64.1,90,,61.8,60.8,-,62.8,66.7,65.6,-,67.6,,80,74,-,88,69,60,-,79,,293,260,-,327,,190,167,-,215,,,,,,,,,,,,,,,,,,,,,,,,,,,
91,Kuwait, 2 443,2.1,56,38,,2.1,2.7,,3.3,2.7,,76.2,91,,75.8,74.7,-,77.1,76.9,74.8,-,79.0,,14,10,-,19,11,8,-,15,,81,72,-,91,,63,48,-,80,,,,,,,,,,,,,,,,,,,,,,,,,,,
92,Kyrgyzstan, 5 067,1.3,75,64,,8.4,8.7,,3.5,2.7,,64.5,92,,60.4,59.5,-,61.4,68.9,68.1,-,69.8,,63,50,-,76,55,44,-,66,,345,314,-,371,,163,146,-,180,,,,,,,,,,,,,,,,,,,,,,,,,,,
93,Lao People's Democratic Republic, 5 529,2.4,91,84,,5.9,5.5,,5.9,4.8,,55.1,93,,54.1,51.4,-,56.7,56.2,53.5,-,58.8,,146,120,-,174,131,106,-,158,,338,303,-,373,,306,278,-,333,,,,,,,,,,,,,,,,,,,,,,,,,,,
94,Latvia, 2 329,-1.3,51,48,,18.4,21.8,,1.7,1.1,,70.3,94,,64.6,64.3,-,64.9,75.8,75.6,-,76.1,,15,12,-,17,12,10,-,14,,327,320,-,334,,118,113,-,122,,,,,,,,,,,,,,,,,,,,,,,,,,,
95,Lebanon, 3 596,2.3,65,56,,8.3,8.6,,2.9,2.2,,69.8,95,,67.6,66.4,-,68.8,72.0,71.1,-,73.1,,35,31,-,39,29,26,-,32,,201,177,-,225,,139,123,-,154,,,,,,,,,,,,,,,,,,,,,,,,,,,
96,Lesotho, 1 800,1.1,94,81,,6.7,6.9,,4.8,3.9,,35.7,96,,32.9,29.3,-,38.5,38.2,33.0,-,44.9,,166,133,-,201,160,128,-,191,,902,791,-,965,,742,599,-,853,,,,,,,,,,,,,,,,,,,,,,,,,,,
97,Liberia, 3 239,4.6,97,96,,3.9,3.7,,6.9,6.8,,41.8,97,,40.1,32.2,-,47.0,43.7,34.8,-,51.7,,242,197,-,293,222,178,-,262,,582,435,-,773,,471,283,-,690,,,,,,,,,,,,,,,,,,,,,,,,,,,
98,Libyan Arab Jamahiriya, 5 445,2.0,81,54,,4.5,6.0,,4.3,3.1,,72.6,98,,70.4,66.3,-,73.8,75.5,73.0,-,77.8,,19,16,-,21,17,15,-,20,,173,110,-,263,,99,65,-,142,,,,,,,,,,,,,,,,,,,,,,,,,,,
99,Lithuania, 3 465,-0.6,51,51,,16.9,19.7,,1.8,1.3,,71.9,99,,66.2,65.2,-,67.0,77.6,77.0,-,78.2,,11,9,-,13,9,7,-,11,,303,272,-,341,,103,94,-,112,,,,,,,,,,,,,,,,,,,,,,,,,,,
100,Luxembourg,  447,1.5,44,49,,18.1,18.3,,1.6,1.7,,78.8,100,,75.7,75.3,-,76.2,81.7,81.1,-,82.3,,5,4,-,7,5,4,-,6,,119,113,-,125,,64,58,-,70,,,,,,,,,,,,,,,,,,,,,,,,,,,
101,Madagascar, 16 916,2.9,92,91,,4.8,4.7,,6.2,5.7,,56.3,101,,54.4,46.8,-,61.0,58.4,49.5,-,65.0,,145,126,-,164,125,110,-,141,,333,177,-,543,,262,123,-,474,,,,,,,,,,,,,,,,,,,,,,,,,,,
102,Malawi, 11 871,1.9,94,99,,4.8,5.2,,6.8,6.1,,40.2,102,,39.8,35.0,-,45.2,40.6,35.0,-,47.1,,197,183,-,210,190,178,-,203,,657,509,-,803,,610,449,-,769,,,,,,,,,,,,,,,,,,,,,,,,,,,
103,Malaysia, 23 965,2.4,67,60,,5.8,6.7,,3.7,2.9,,72.0,103,,69.6,69.1,-,70.1,74.7,74.4,-,75.1,,10,8,-,11,8,7,-,10,,192,181,-,202,,106,100,-,111,,,,,,,,,,,,,,,,,,,,,,,,,,,
104,Maldives,  309,3.0,99,86,,5.4,5.2,,6.2,5.4,,66.1,104,,66.5,65.7,-,67.4,65.6,64.9,-,66.5,,38,33,-,42,43,38,-,49,,205,179,-,231,,202,174,-,229,,,,,,,,,,,,,,,,,,,,,,,,,,,
105,Mali, 12 623,2.8,103,107,,3.9,3.8,,7.0,7.0,,44.8,105,,43.9,35.8,-,49.7,45.7,36.8,-,54.0,,233,211,-,256,224,200,-,244,,487,328,-,718,,417,210,-,662,,,,,,,,,,,,,,,,,,,,,,,,,,,
106,Malta,  393,0.7,51,47,,15.1,17.5,,2.0,1.8,,78.1,106,,75.9,75.2,-,76.5,80.3,79.3,-,81.2,,7,6,-,9,6,4,-,8,,87,82,-,94,,51,44,-,59,,,,,,,,,,,,,,,,,,,,,,,,,,,
107,Marshall Islands,  52,1.3,70,68,,6.2,7.0,,6.3,5.5,,62.7,107,,61.1,59.5,-,62.9,64.6,63.2,-,66.2,,46,34,-,57,36,27,-,45,,340,310,-,368,,286,264,-,307,,,,,,,,,,,,,,,,,,,,,,,,,,,
108,Mauritania, 2 807,2.8,89,87,,5.3,5.3,,6.1,5.8,,52.1,108,,49.8,41.7,-,56.1,54.5,44.7,-,61.3,,186,158,-,214,155,132,-,178,,393,245,-,603,,304,156,-,536,,,,,,,,,,,,,,,,,,,,,,,,,,,
109,Mauritius, 1 210,1.1,52,46,,8.4,9.0,,2.3,2.0,,71.9,109,,68.4,67.6,-,69.2,75.5,75.0,-,76.0,,20,16,-,25,14,11,-,19,,222,202,-,243,,116,109,-,123,,,,,,,,,,,,,,,,,,,,,,,,,,,
110,Mexico, 101 965,1.7,71,61,,6.0,7.2,,3.2,2.5,,74.4,110,,71.7,71.0,-,72.3,77.0,76.5,-,77.4,,30,26,-,34,24,21,-,27,,170,160,-,183,,97,92,-,103,,,,,,,,,,,,,,,,,,,,,,,,,,,
111,"Micronesia, Federated States of",  108,0.7,92,74,,5.5,5.1,,4.8,3.8,,66.5,111,,64.9,63.0,-,67.1,68.1,66.1,-,70.2,,63,44,-,81,51,35,-,67,,211,184,-,236,,176,151,-,202,,,,,,,,,,,,,,,,,,,,,,,,,,,
112,Monaco,  34,1.1,52,53,,19.5,20.5,,1.7,1.8,,81.2,112,,77.8,77.6,-,77.9,84.5,84.0,-,85.0,,5,4,-,5,3,3,-,4,,109,108,-,111,,47,44,-,50,,,,,,,,,,,,,,,,,,,,,,,,,,,
113,Mongolia, 2 559,1.1,81,59,,5.9,5.6,,3.5,2.4,,62.9,113,,60.1,59.8,-,60.5,65.9,65.5,-,66.3,,75,73,-,78,66,64,-,68,,319,310,-,327,,219,210,-,227,,,,,,,,,,,,,,,,,,,,,,,,,,,
114,Morocco, 30 072,1.7,73,57,,6.0,6.6,,3.6,2.8,,70.8,114,,68.8,67.4,-,70.3,72.8,71.6,-,74.1,,43,36,-,49,41,35,-,47,,160,138,-,185,,104,88,-,120,,,,,,,,,,,,,,,,,,,,,,,,,,,
115,Mozambique, 18 537,2.6,96,89,,5.2,5.1,,6.2,5.7,,42.6,115,,41.2,35.3,-,47.5,43.9,36.8,-,51.3,,212,185,-,240,201,176,-,226,,613,479,-,741,,519,375,-,665,,,,,,,,,,,,,,,,,,,,,,,,,,,
116,Myanmar, 48 852,1.5,69,59,,6.8,6.9,,3.8,2.9,,58.9,116,,56.2,48.4,-,64.0,61.8,52.6,-,69.6,,118,88,-,151,94,66,-,122,,335,175,-,539,,236,107,-,444,,,,,,,,,,,,,,,,,,,,,,,,,,,
117,Namibia, 1 961,2.7,87,88,,5.4,5.6,,5.6,4.6,,49.3,117,,48.1,43.3,-,54.3,50.5,44.0,-,56.8,,97,86,-,107,93,83,-,103,,605,479,-,733,,529,404,-,691,,,,,,,,,,,,,,,,,,,,,,,,,,,
118,Nauru,  13,2.5,70,68,,6.2,7.0,,4.5,3.9,,62.7,118,,59.7,55.6,-,64.0,66.5,63.1,-,70.3,,18,14,-,21,12,10,-,15,,448,326,-,564,,303,211,-,389,,,,,,,,,,,,,,,,,,,,,,,,,,,
119,Nepal, 24 609,2.3,81,78,,5.6,5.8,,5.0,4.3,,60.1,119,,59.9,58.9,-,61.0,60.2,59.2,-,61.1,,81,77,-,85,87,83,-,91,,301,277,-,325,,290,271,-,310,,,,,,,,,,,,,,,,,,,,,,,,,,,
120,Netherlands, 16 067,0.6,45,48,,17.5,18.5,,1.6,1.7,,78.6,120,,76.0,75.7,-,76.3,81.1,80.8,-,81.3,,6,6,-,7,5,5,-,6,,94,91,-,97,,65,63,-,68,,,,,,,,,,,,,,,,,,,,,,,,,,,
121,New Zealand, 3 846,1.1,53,53,,15.3,15.9,,2.1,2.0,,78.9,121,,76.6,76.2,-,77.1,81.2,80.8,-,81.6,,7,6,-,8,6,4,-,7,,98,94,-,104,,63,59,-,67,,,,,,,,,,,,,,,,,,,,,,,,,,,
122,Nicaragua, 5 335,2.8,95,82,,4.4,4.7,,4.8,3.8,,70.1,122,,67.9,67.2,-,68.6,72.4,71.6,-,73.2,,38,31,-,45,32,27,-,38,,213,199,-,226,,143,126,-,163,,,,,,,,,,,,,,,,,,,,,,,,,,,
123,Niger, 11 544,3.5,108,108,,3.6,3.3,,8.0,8.0,,42.6,123,,42.6,31.9,-,50.6,42.7,30.9,-,51.6,,249,199,-,299,256,206,-,307,,497,327,-,755,,443,232,-,744,,,,,,,,,,,,,,,,,,,,,,,,,,,
124,Nigeria, 120 911,2.8,96,91,,4.7,4.8,,6.4,5.5,,48.8,124,,48.0,41.2,-,54.6,49.6,40.7,-,57.1,,183,162,-,205,181,159,-,202,,453,287,-,632,,392,217,-,612,,,,,,,,,,,,,,,,,,,,,,,,,,,
125,Niue,  2,-1.2,71,65,,6.2,7.2,,3.6,2.9,,70.3,125,,67.6,63.9,-,70.8,73.3,70.4,-,76.1,,38,14,-,91,24,12,-,48,,191,124,-,261,,132,89,-,182,,,,,,,,,,,,,,,,,,,,,,,,,,,
126,Norway, 4 514,0.5,55,54,,20.6,19.6,,1.9,1.8,,79.1,126,,76.4,75.8,-,76.9,81.7,81.4,-,81.9,,5,4,-,6,4,4,-,4,,100,93,-,106,,60,57,-,63,,,,,,,,,,,,,,,,,,,,,,,,,,,
127,Oman, 2 768,3.3,82,65,,3.0,3.5,,6.5,5.0,,73.1,127,,71.0,67.1,-,74.5,76.3,73.8,-,78.7,,15,13,-,18,14,12,-,16,,165,105,-,249,,93,60,-,136,,,,,,,,,,,,,,,,,,,,,,,,,,,
128,Pakistan, 149 911,2.5,86,82,,5.5,5.7,,5.9,5.1,,61.4,128,,61.1,59.3,-,62.9,61.6,59.7,-,63.7,,105,89,-,120,115,98,-,134,,227,201,-,254,,201,176,-,225,,,,,,,,,,,,,,,,,,,,,,,,,,,
129,Palau,  20,2.3,70,68,,6.2,7.0,,2.8,2.4,,68.5,129,,66.4,65.9,-,66.9,70.9,70.0,-,71.9,,24,17,-,30,22,16,-,27,,236,224,-,246,,202,184,-,223,,,,,,,,,,,,,,,,,,,,,,,,,,,
130,Panama, 3 064,2.0,65,59,,7.3,8.3,,2.9,2.7,,75.4,130,,72.8,72.0,-,73.8,78.2,77.4,-,78.9,,25,23,-,28,21,19,-,23,,146,132,-,159,,84,76,-,94,,,,,,,,,,,,,,,,,,,,,,,,,,,
131,Papua New Guinea, 5 586,2.6,79,77,,4.2,4.0,,5.1,4.1,,59.8,131,,58.4,56.5,-,60.4,61.5,59.7,-,63.4,,98,78,-,117,92,73,-,108,,311,284,-,337,,249,227,-,272,,,,,,,,,,,,,,,,,,,,,,,,,,,
132,Paraguay, 5 740,2.5,84,74,,5.3,5.5,,4.6,3.9,,71.7,132,,68.7,67.9,-,69.7,74.7,74.0,-,75.4,,37,31,-,42,26,22,-,31,,171,155,-,189,,120,109,-,132,,,,,,,,,,,,,,,,,,,,,,,,,,,
133,Peru, 26 767,1.7,71,63,,6.2,7.4,,3.7,2.9,,69.7,133,,67.5,66.4,-,68.5,72.0,71.1,-,72.9,,38,33,-,44,34,29,-,39,,205,182,-,229,,144,127,-,163,,,,,,,,,,,,,,,,,,,,,,,,,,,
134,Philippines, 78 580,2.1,77,67,,5.0,5.7,,4.2,3.2,,68.3,134,,65.1,64.3,-,65.8,71.7,70.9,-,72.5,,39,33,-,45,33,28,-,38,,258,238,-,279,,133,118,-,151,,,,,,,,,,,,,,,,,,,,,,,,,,,
135,Poland, 38 622,0.1,54,44,,15.2,16.6,,1.9,1.3,,74.7,135,,70.6,70.2,-,71.0,78.7,78.4,-,79.0,,9,8,-,10,8,7,-,9,,204,194,-,215,,82,78,-,86,,,,,,,,,,,,,,,,,,,,,,,,,,,
136,Portugal, 10 049,0.2,49,48,,19.5,21.1,,1.5,1.5,,77.1,136,,73.6,73.1,-,74.0,80.5,80.3,-,80.8,,7,6,-,7,5,5,-,6,,154,147,-,163,,65,62,-,68,,,,,,,,,,,,,,,,,,,,,,,,,,,
137,Qatar,  601,2.0,39,39,,2.1,3.1,,4.2,3.3,,74.3,137,,74.8,73.9,-,75.8,73.8,71.8,-,75.5,,14,11,-,18,12,10,-,14,,93,84,-,101,,77,61,-,98,,,,,,,,,,,,,,,,,,,,,,,,,,,
138,Republic of Korea, 47 430,0.8,43,39,,8.2,11.8,,1.7,1.4,,75.5,138,,71.8,71.3,-,72.3,79.4,79.2,-,79.6,,8,7,-,9,7,7,-,8,,166,156,-,176,,61,59,-,63,,,,,,,,,,,,,,,,,,,,,,,,,,,
139,Republic of Moldova, 4 270,-0.2,57,45,,12.9,13.8,,2.2,1.4,,67.8,139,,64.0,63.3,-,64.8,71.6,71.1,-,72.2,,31,23,-,39,23,17,-,29,,294,274,-,316,,144,132,-,156,,,,,,,,,,,,,,,,,,,,,,,,,,,
140,Romania, 22 387,-0.3,50,45,,16.3,18.9,,1.6,1.3,,71.4,140,,68.0,67.2,-,68.9,75.0,74.2,-,75.7,,22,21,-,24,19,17,-,20,,235,212,-,259,,108,96,-,121,,,,,,,,,,,,,,,,,,,,,,,,,,,
141,Russian Federation, 144 082,-0.3,50,42,,16.3,18.3,,1.6,1.2,,64.8,141,,58.4,58.2,-,61.5,72.1,71.4,-,72.6,,21,20,-,22,16,15,-,17,,464,413,-,510,,168,150,-,187,,,,,,,,,,,,,,,,,,,,,,,,,,,
142,Rwanda, 8 272,3.2,98,91,,3.8,4.0,,6.7,5.8,,44.4,142,,41.9,36.5,-,48.1,46.8,39.7,-,53.9,,186,170,-,203,170,157,-,184,,605,431,-,774,,474,283,-,695,,,,,,,,,,,,,,,,,,,,,,,,,,,
143,Saint Kitts and Nevis,  42,0.0,63,56,,9.2,10.5,,2.7,2.4,,70.4,143,,68.7,67.8,-,69.5,72.2,71.0,-,73.3,,20,17,-,23,24,18,-,30,,206,188,-,225,,148,123,-,175,,,,,,,,,,,,,,,,,,,,,,,,,,,
144,Saint Lucia,  148,0.9,75,57,,8.6,7.8,,3.2,2.3,,72.2,144,,69.8,68.7,-,70.9,74.4,73.0,-,75.7,,14,11,-,17,15,12,-,20,,211,185,-,238,,145,114,-,177,,,,,,,,,,,,,,,,,,,,,,,,,,,
145,Saint Vincent and the Grenadines,  119,0.6,79,61,,8.7,9.2,,2.9,2.2,,69.8,145,,67.8,66.5,-,69.1,71.9,70.6,-,73.2,,25,21,-,30,20,13,-,30,,238,207,-,272,,184,160,-,207,,,,,,,,,,,,,,,,,,,,,,,,,,,
146,Samoa,  176,0.8,81,81,,6.3,6.5,,4.7,4.2,,68.2,146,,66.8,66.0,-,67.7,69.7,68.6,-,70.8,,27,22,-,31,21,16,-,26,,235,219,-,251,,203,186,-,221,,,,,,,,,,,,,,,,,,,,,,,,,,,
147,San Marino,  27,1.4,45,49,,21.7,24.5,,1.3,1.2,,80.6,147,,77.2,75.8,-,78.6,84.0,82.5,-,85.7,,5,4,-,9,3,3,-,3,,85,72,-,99,,31,25,-,37,,,,,,,,,,,,,,,,,,,,,,,,,,,
148,Sao Tome and Principe,  157,2.6,104,83,,6.6,6.4,,5.0,4.0,,62.7,148,,61.7,54.2,-,68.8,63.6,54.5,-,70.6,,80,62,-,98,82,60,-,104,,259,108,-,454,,217,95,-,414,,,,,,,,,,,,,,,,,,,,,,,,,,,
149,Saudi Arabia, 23 520,3.0,80,72,,3.4,4.3,,5.8,4.6,,70.8,149,,68.4,64.0,-,72.3,73.9,70.9,-,76.5,,30,23,-,37,25,19,-,31,,192,120,-,298,,112,74,-,163,,,,,,,,,,,,,,,,,,,,,,,,,,,
150,Senegal, 9 855,2.4,95,85,,4.1,4.0,,6.1,5.0,,55.8,150,,54.3,46.7,-,60.6,57.3,48.3,-,64.5,,139,122,-,157,129,112,-,145,,349,187,-,560,,284,131,-,512,,,,,,,,,,,,,,,,,,,,,,,,,,,
151,Serbia and Montenegro, 10 535,0.2,50,49,,16.0,18.4,,2.0,1.7,,72.3,151,,69.7,69.3,-,70.1,74.9,74.5,-,75.2,,17,16,-,19,13,12,-,15,,186,177,-,195,,98,93,-,103,,,,,,,,,,,,,,,,,,,,,,,,,,,
152,Seychelles,  80,1.0,52,46,,8.4,9.0,,2.1,1.8,,71.5,152,,67.0,66.1,-,67.9,77.2,76.1,-,78.3,,15,11,-,18,10,8,-,13,,243,219,-,268,,113,91,-,138,,,,,,,,,,,,,,,,,,,,,,,,,,,
153,Sierra Leone, 4 764,1.5,87,89,,5.0,4.7,,6.5,6.5,,34.0,153,,32.4,22.7,-,39.9,35.7,25.0,-,45.4,,332,286,-,380,303,255,-,351,,682,497,-,898,,569,323,-,836,,,,,,,,,,,,,,,,,,,,,,,,,,,
154,Singapore, 4 183,2.8,38,40,,8.7,11.1,,1.8,1.4,,79.6,154,,77.4,76.4,-,78.4,81.7,81.3,-,82.1,,4,4,-,4,3,3,-,3,,90,80,-,101,,53,49,-,56,,,,,,,,,,,,,,,,,,,,,,,,,,,
155,Slovakia, 5 398,0.2,54,43,,15.0,15.5,,1.9,1.3,,74.0,155,,69.8,69.2,-,70.3,78.3,77.9,-,78.7,,9,8,-,11,7,6,-,9,,206,195,-,219,,79,73,-,84,,,,,,,,,,,,,,,,,,,,,,,,,,,
156,Slovenia, 1 986,0.2,44,42,,17.4,19.8,,1.4,1.2,,76.7,156,,72.8,72.3,-,73.2,80.5,80.2,-,80.8,,5,4,-,6,4,4,-,5,,163,154,-,172,,71,67,-,76,,,,,,,,,,,,,,,,,,,,,,,,,,,
157,Solomon Islands,  463,3.2,93,84,,4.4,4.4,,5.6,4.5,,65.4,157,,63.6,61.5,-,66.2,67.4,65.7,-,69.0,,86,73,-,99,75,64,-,86,,199,160,-,238,,147,127,-,168,,,,,,,,,,,,,,,,,,,,,,,,,,,
158,Somalia, 9 480,2.8,102,101,,4.2,3.8,,7.3,7.3,,44.3,158,,43.0,35.9,-,48.5,45.7,35.3,-,53.0,,218,198,-,239,223,199,-,245,,534,388,-,738,,418,232,-,676,,,,,,,,,,,,,,,,,,,,,,,,,,,
159,South Africa, 44 759,1.5,70,59,,5.2,6.1,,3.4,2.6,,50.7,159,,48.8,45.5,-,52.0,52.6,50.0,-,55.0,,86,61,-,108,81,55,-,105,,598,404,-,818,,482,321,-,653,,,,,,,,,,,,,,,,,,,,,,,,,,,
160,Spain, 40 977,0.4,48,46,,20.0,21.6,,1.3,1.2,,79.6,160,,76.1,75.6,-,76.7,83.0,82.8,-,83.3,,5,5,-,6,5,4,-,5,,120,111,-,128,,47,45,-,49,,,,,,,,,,,,,,,,,,,,,,,,,,,
161,Sri Lanka, 18 910,0.9,58,47,,8.8,10.2,,2.4,2.0,,70.3,161,,67.2,65.1,-,69.6,74.3,73.3,-,75.4,,20,17,-,23,16,14,-,19,,238,186,-,286,,121,106,-,136,,,,,,,,,,,,,,,,,,,,,,,,,,,
162,Sudan, 32 878,2.3,81,76,,5.1,5.6,,5.3,4.4,,57.1,162,,54.9,48.3,-,62.5,59.3,50.6,-,65.6,,111,104,-,120,106,97,-,113,,379,202,-,559,,278,148,-,495,,,,,,,,,,,,,,,,,,,,,,,,,,,
163,Suriname,  432,0.7,66,58,,7.1,8.0,,2.5,2.5,,67.6,163,,64.4,63.0,-,65.9,70.8,69.6,-,72.3,,33,29,-,37,28,24,-,31,,281,247,-,313,,164,137,-,187,,,,,,,,,,,,,,,,,,,,,,,,,,,
164,Swaziland, 1 069,1.9,97,89,,4.5,5.1,,5.7,4.6,,38.8,164,,36.9,34.2,-,40.7,40.4,35.8,-,44.5,,150,132,-,169,142,124,-,159,,818,743,-,877,,707,627,-,804,,,,,,,,,,,,,,,,,,,,,,,,,,,
165,Sweden, 8 867,0.2,56,55,,22.4,22.9,,2.0,1.6,,80.4,165,,78.0,77.7,-,78.3,82.6,82.4,-,82.9,,4,4,-,5,3,3,-,3,,83,80,-,85,,53,51,-,55,,,,,,,,,,,,,,,,,,,,,,,,,,,
166,Switzerland, 7 171,0.3,46,49,,19.4,22.1,,1.5,1.4,,80.6,166,,77.7,77.2,-,78.2,83.3,83.1,-,83.6,,6,5,-,7,5,4,-,6,,92,87,-,98,,51,49,-,53,,,,,,,,,,,,,,,,,,,,,,,,,,,
167,Syrian Arab Republic, 17 381,2.6,98,70,,4.2,4.6,,4.8,3.4,,71.2,167,,68.8,68.0,-,69.7,73.6,73.0,-,74.3,,26,24,-,29,20,18,-,22,,190,175,-,205,,127,117,-,137,,,,,,,,,,,,,,,,,,,,,,,,,,,
168,Tajikistan, 6 195,1.2,89,73,,6.3,6.7,,4.5,3.1,,63.7,168,,61.0,59.2,-,62.7,66.5,64.8,-,68.0,,68,47,-,90,57,40,-,72,,283,231,-,339,,172,137,-,216,,,,,,,,,,,,,,,,,,,,,,,,,,,
169,Thailand, 62 193,1.1,53,46,,6.7,8.8,,2.1,1.9,,69.3,169,,66.0,64.8,-,67.1,72.7,71.7,-,73.8,,32,28,-,37,26,22,-,30,,279,250,-,311,,153,131,-,178,,,,,,,,,,,,,,,,,,,,,,,,,,,
170,The former Yugoslav Republic of Macedonia, 2 046,0.6,50,48,,12.2,14.7,,1.8,1.9,,72.0,170,,69.0,68.3,-,69.7,75.1,74.4,-,75.8,,17,16,-,19,15,13,-,16,,195,180,-,212,,89,81,-,99,,,,,,,,,,,,,,,,,,,,,,,,,,,
171,Timor-Leste,  739,-0.7,77,73,,3.6,5.2,,4.8,3.9,,57.5,171,,54.8,46.4,-,62.1,60.5,50.5,-,67.7,,142,108,-,178,108,81,-,134,,326,162,-,533,,242,111,-,463,,,,,,,,,,,,,,,,,,,,,,,,,,,
172,Togo, 4 801,2.9,94,89,,4.8,4.9,,6.2,5.4,,51.7,172,,50.0,43.4,-,55.7,53.3,46.0,-,59.8,,149,131,-,166,127,110,-,143,,459,316,-,636,,394,265,-,569,,,,,,,,,,,,,,,,,,,,,,,,,,,
173,Tonga,  103,0.3,78,74,,7.4,8.2,,4.5,3.8,,70.7,173,,70.0,69.5,-,70.5,71.4,70.8,-,72.0,,23,20,-,27,15,12,-,18,,171,166,-,177,,181,174,-,188,,,,,,,,,,,,,,,,,,,,,,,,,,,
174,Trinidad and Tobago, 1 298,0.5,64,43,,8.8,10.0,,2.2,1.6,,69.9,174,,67.1,66.1,-,68.1,72.8,72.2,-,73.4,,24,20,-,28,18,15,-,21,,246,221,-,272,,153,138,-,169,,,,,,,,,,,,,,,,,,,,,,,,,,,
175,Tunisia, 9 728,1.3,71,52,,7.4,8.4,,3.2,2.0,,71.6,175,,69.5,68.7,-,70.3,73.9,73.0,-,74.7,,31,28,-,34,24,21,-,26,,167,154,-,180,,115,102,-,128,,,,,,,,,,,,,,,,,,,,,,,,,,,
176,Turkey, 70 318,1.6,67,57,,7.2,8.2,,3.2,2.5,,70.0,176,,67.9,67.1,-,68.8,72.2,71.1,-,73.4,,44,40,-,48,42,38,-,46,,177,162,-,192,,112,94,-,130,,,,,,,,,,,,,,,,,,,,,,,,,,,
177,Turkmenistan, 4 794,2.1,79,64,,6.2,6.5,,4.1,2.7,,62.7,177,,58.8,58.3,-,59.3,66.9,66.1,-,67.7,,63,56,-,69,47,42,-,52,,369,349,-,385,,193,172,-,215,,,,,,,,,,,,,,,,,,,,,,,,,,,
178,Tuvalu,  10,1.4,71,65,,6.2,7.2,,3.5,2.9,,60.6,178,,60.0,58.4,-,61.8,61.4,59.7,-,62.9,,72,54,-,91,56,43,-,69,,298,247,-,345,,280,234,-,342,,,,,,,,,,,,,,,,,,,,,,,,,,,
179,Uganda, 25 004,3.0,105,111,,4.1,3.9,,7.1,7.1,,49.3,179,,47.9,42.3,-,53.2,50.8,43.6,-,56.5,,148,142,-,154,136,130,-,142,,505,370,-,661,,431,306,-,606,,,,,,,,,,,,,,,,,,,,,,,,,,,
180,Ukraine, 48 902,-0.6,51,45,,18.5,20.8,,1.7,1.2,,67.2,180,,61.7,61.0,-,62.4,72.9,72.0,-,73.8,,22,19,-,24,16,15,-,18,,378,343,-,417,,139,120,-,161,,,,,,,,,,,,,,,,,,,,,,,,,,,
181,United Arab Emirates, 2 937,2.8,42,37,,1.8,2.4,,3.9,2.9,,72.5,181,,71.3,71.0,-,71.5,75.1,74.9,-,75.3,,10,9,-,11,10,9,-,10,,169,165,-,174,,122,120,-,125,,,,,,,,,,,,,,,,,,,,,,,,,,,
182,United Kingdom, 59 068,0.3,54,53,,21.1,20.8,,1.8,1.6,,78.2,182,,75.8,75.3,-,76.3,80.5,79.9,-,81.0,,7,6,-,8,6,5,-,6,,107,101,-,113,,67,61,-,72,,,,,,,,,,,,,,,,,,,,,,,,,,,
183,United Republic of Tanzania, 36 276,2.6,96,91,,3.7,3.9,,6.1,5.2,,46.5,183,,45.5,44.3,-,46.9,47.5,46.2,-,49.0,,163,149,-,177,144,132,-,156,,561,534,-,585,,512,484,-,536,,,,,,,,,,,,,,,,,,,,,,,,,,,
184,United States of America, 291 038,1.1,52,51,,16.4,16.2,,2.0,2.1,,77.3,184,,74.6,74.2,-,75.1,79.8,79.7,-,80.0,,9,8,-,9,7,7,-,7,,140,134,-,148,,83,81,-,84,,,,,,,,,,,,,,,,,,,,,,,,,,,
185,Uruguay, 3 391,0.7,60,61,,16.7,17.3,,2.5,2.3,,75.2,185,,71.0,70.5,-,71.6,79.3,79.0,-,79.7,,18,15,-,21,13,12,-,14,,182,172,-,192,,88,84,-,92,,,,,,,,,,,,,,,,,,,,,,,,,,,
186,Uzbekistan, 25 705,1.8,81,65,,6.5,7.0,,3.7,2.5,,68.2,186,,65.6,64.8,-,66.3,70.8,70.1,-,71.6,,37,36,-,39,26,25,-,28,,243,224,-,263,,152,136,-,169,,,,,,,,,,,,,,,,,,,,,,,,,,,
187,Vanuatu,  207,2.7,90,80,,5.3,4.9,,4.9,4.2,,67.7,187,,66.4,64.7,-,68.5,69.1,67.4,-,70.9,,40,30,-,51,40,30,-,50,,217,185,-,245,,175,150,-,200,,,,,,,,,,,,,,,,,,,,,,,,,,,
188,"Venezuela, Bolivarian Republic of", 25 226,2.1,70,60,,5.9,6.9,,3.3,2.7,,73.9,188,,71.0,70.2,-,71.8,76.8,76.5,-,77.2,,23,21,-,26,19,17,-,21,,182,168,-,197,,97,92,-,103,,,,,,,,,,,,,,,,,,,,,,,,,,,
189,Viet Nam, 80 278,1.5,76,59,,7.3,7.4,,3.4,2.3,,69.6,189,,67.1,66.3,-,68.1,72.2,71.4,-,73.1,,41,36,-,46,33,28,-,37,,200,184,-,215,,129,117,-,140,,,,,,,,,,,,,,,,,,,,,,,,,,,
190,Yemen, 19 315,3.9,114,104,,3.5,3.6,,7.9,7.0,,60.4,190,,58.7,51.1,-,65.5,62.2,53.8,-,68.7,,106,93,-,119,94,82,-,106,,286,130,-,498,,228,103,-,421,,,,,,,,,,,,,,,,,,,,,,,,,,,
191,Zambia, 10 698,2.1,94,98,,4.4,4.7,,6.3,5.7,,39.7,191,,39.1,34.5,-,43.6,40.2,35.2,-,45.4,,191,170,-,214,176,155,-,195,,700,590,-,810,,654,546,-,768,,,,,,,,,,,,,,,,,,,,,,,,,,,
192,Zimbabwe, 12 835,1.5,96,87,,4.5,5.1,,5.2,4.0,,37.9,192,,37.7,35.7,-,40.2,38.0,35.8,-,40.8,,115,104,-,125,107,97,-,116,,821,776,-,856,,789,739,-,828,,,,,,,,,,,,,,,,,,,,,,,,,,,